ds,yhat,yhat_lower,yhat_upper,y,orders,unique_customers
2017-01-01,5086.512133769529,2248.2516018333454,8098.693869389581,6846.06,34.0,34.0
2017-01-02,7222.837163218547,4313.3493802744015,10343.731738917817,7365.01,31.0,31.0
2017-01-03,7043.246946460096,4395.275457022479,9762.624296448284,4304.16,21.0,21.0
2017-01-04,6566.351760960443,3610.6498399440593,9562.879403136396,7558.5,36.0,36.0
2017-01-05,6495.09697989083,3565.227373445443,9252.067878211625,3752.11,23.0,22.0
2017-01-06,6703.5820684693035,3904.6028580375746,9686.20655899912,4041.2999999999997,25.0,25.0
2017-01-07,6429.054639992745,3495.6190393012184,9440.688988229287,8649.3,32.0,32.0
2017-01-08,6030.746933693176,2918.628551405645,8835.232264075488,4378.05,28.0,28.0
2017-01-09,6299.865434416723,3280.2349661013454,9330.903990092924,5436.34,21.0,21.0
2017-01-10,6187.228353766432,3066.961787399519,9121.255517018824,5032.89,30.0,30.0
2017-01-11,5788.861852178647,2687.6592844144006,8945.760796828617,5749.97,31.0,31.0
2017-01-12,5805.886886123057,2994.0798949416585,8790.20317987633,3321.64,25.0,25.0
2017-01-13,6110.422632446893,2976.9304615032643,9176.934191651206,3584.7400000000002,20.0,20.0
2017-01-14,5937.626658353979,2619.753634113628,8812.581189024164,7482.41,37.0,37.0
2017-01-15,5644.579250498705,2742.6129126227206,8680.176577946248,5274.28,28.0,28.0
2017-01-16,6020.321454866518,3151.7401266937077,9123.233707747153,10679.05,40.0,40.0
2017-01-17,6013.540381510796,3093.34881427319,8890.544843220528,6205.12,25.0,25.0
2017-01-18,5718.211520236823,2721.5949601871307,8610.922531213482,7653.41,32.0,32.0
2017-01-19,5833.528878678748,2882.4331160027073,9103.849349661043,5164.26,26.0,26.0
2017-01-20,6229.8479089610855,3216.467576547851,9090.454240218864,6715.53,21.0,21.0
2017-01-21,6140.760515383003,3432.9691558026652,8911.449933724522,4855.2,28.0,28.0
2017-01-22,5922.008817438983,2923.2471827530226,8964.024473584343,5252.86,26.0,26.0
2017-01-23,6361.546614616103,3239.9202633156306,9344.194588043316,4829.72,24.0,24.0
2017-01-24,6407.241681332085,3403.305658994547,9330.705698689879,7279.52,25.0,25.0
2017-01-25,6152.528367367249,3169.9680468541615,9359.137543988507,4543.83,25.0,25.0
2017-01-26,6296.341222823054,3341.05395045251,9300.713083299566,3156.4,23.0,23.0
2017-01-27,6709.05469241167,3840.7965502572474,9511.647164970977,3871.7400000000002,30.0,30.0
2017-01-28,6624.54841755735,3600.9880540954346,9486.254105794233,6068.7699999999995,28.0,28.0
2017-01-29,6399.105217990003,3294.3432175544776,9350.879852685703,4068.31,27.0,27.0
2017-01-30,6821.451254030609,3919.186295163585,9860.179890584262,8936.43,39.0,39.0
2017-01-31,6840.432160136888,3684.938246784184,9443.93895937926,5594.0,26.0,26.0
2017-02-01,6550.6354074706105,3717.925071692007,9646.693323242718,4420.72,30.0,30.0
2017-02-02,6652.290474877312,3676.2176966469106,9644.201505004123,7739.32,30.0,30.0
2017-02-03,7017.172793717049,4174.623357170515,9852.928795255411,5764.91,29.0,29.0
2017-02-04,6880.631959617346,3807.391966432747,9938.236577263038,10517.04,36.0,36.0
2017-02-05,6600.452245665352,3711.3694297698,9540.16379710507,6683.96,28.0,28.0
2017-02-06,6966.855863987366,3822.100739183331,9810.727834809446,6132.09,29.0,29.0
2017-02-07,6930.143670551423,3747.554824670745,10053.403269265313,3921.29,30.0,30.0
2017-02-08,6586.284411047308,3518.2119752328144,9590.494113024513,6428.95,25.0,25.0
2017-02-09,6636.7848427800345,3671.649124357092,9518.718589857559,4479.59,22.0,22.0
2017-02-10,6954.56735136501,4079.7237124575345,9756.455927154671,3530.22,29.0,29.0
2017-02-11,6775.976091156769,3676.2233497466427,9612.061288184856,5021.25,32.0,32.0
2017-02-12,6459.620093917103,3329.8276540721868,9383.258074900132,4689.96,21.0,21.0
2017-02-13,6796.364065166557,3777.6900804417164,9850.554372166827,8682.99,39.0,39.0
2017-02-14,6736.961699082289,3854.5360724070765,9958.397818119287,7524.91,37.0,37.0
2017-02-15,6377.642607163265,3591.469710831431,9429.989283449939,4499.46,21.0,21.0
2017-02-16,6419.9850594541995,3541.638550415989,9464.35237459192,5678.85,36.0,36.0
2017-02-17,6736.800894982355,3866.4117258476285,9725.727680750593,8003.31,36.0,36.0
2017-02-18,6564.153254142374,3659.9862243891307,9502.540789178533,2712.36,20.0,20.0
2017-02-19,6260.215098513583,3335.4162203824926,9327.404030377995,5219.06,20.0,20.0
2017-02-20,6615.278676452103,3330.9071143020683,9551.626277981333,5839.9,28.0,28.0
2017-02-21,6579.410135859959,3675.716519535818,9491.027324048535,9546.33,36.0,36.0
2017-02-22,6248.059703770922,3311.67632828459,9378.887664040993,8300.72,33.0,33.0
2017-02-23,6321.958929082914,3097.4670253083523,9238.758160625128,6311.15,32.0,32.0
2017-02-24,6673.030636405404,3699.5824813852773,9764.747141697588,5631.39,25.0,25.0
2017-02-25,6536.4315486163905,3650.7894611606143,9460.757084466582,7177.33,36.0,36.0
2017-02-26,6269.434881131672,3263.458334406475,9206.05495535341,6724.15,30.0,30.0
2017-02-27,6661.462453685451,3665.433858537411,9888.867861770123,5080.75,27.0,27.0
2017-02-28,6661.759973903486,3712.9812179959886,9580.351978495588,6808.12,33.0,33.0
2017-03-01,6365.0254435383395,3263.0316053912143,9399.008608458502,3232.83,25.0,25.0
2017-03-02,6471.321804880625,3397.723913353437,9471.00876181677,5388.27,25.0,25.0
2017-03-03,6851.9991900437935,3936.9361881320965,9836.538910986968,7273.65,35.0,35.0
2017-03-04,6741.746549962758,3645.6994159351775,9755.013806709248,5415.04,32.0,32.0
2017-03-05,6497.479884615797,3349.9793809819766,9303.640157796595,5650.63,29.0,29.0
2017-03-06,6908.376640263731,4085.980879900433,10073.508541711448,11058.5,47.0,46.0
2017-03-07,6923.550043574864,4105.37872206998,9922.850061792426,6959.41,32.0,32.0
2017-03-08,6637.673527680937,3701.7585939205183,9766.559497445396,9504.86,33.0,33.0
2017-03-09,6750.8866495601105,3680.3955352250273,9817.384310864278,4440.11,26.0,26.0
2017-03-10,7134.708213107462,4313.470075640229,10226.152379494057,5759.53,28.0,28.0
2017-03-11,7024.076776497167,4043.8799729267766,9864.359792717403,5289.2,27.0,27.0
2017-03-12,6776.226209081474,3859.52925750699,9688.341846388419,8674.09,41.0,41.0
2017-03-13,7180.706330439651,4341.982526897604,10332.770435354181,7890.44,37.0,37.0
2017-03-14,7187.04287714679,3999.268499097495,10257.899409222427,13976.48,38.0,38.0
2017-03-15,6890.3474217588455,3970.247741635676,9845.239641468677,7908.17,33.0,33.0
2017-03-16,6991.209092191731,4003.494869940818,9914.156152778918,6563.13,33.0,33.0
2017-03-17,7361.594220890735,4380.27655333275,10523.138028825895,3842.54,29.0,29.0
2017-03-18,7236.874471986727,4157.254625361081,9983.858495438286,12314.369999999999,34.0,34.0
2017-03-19,6974.691426167763,4012.7902019878325,10135.577818510015,10748.02,37.0,37.0
2017-03-20,7364.9679075209915,4300.224016857108,10226.25231300455,5722.23,30.0,30.0
2017-03-21,7357.560481104548,4409.073973596868,10536.607257135558,8051.54,30.0,30.0
2017-03-22,7047.8638600871245,4058.7040405988864,9911.650133357927,6214.4,33.0,33.0
2017-03-23,7136.6991078126575,4356.4117661287155,10149.660344129188,9823.13,35.0,35.0
2017-03-24,7496.211739141939,4510.3675849517795,10348.06327711849,11297.11,38.0,38.0
2017-03-25,7361.900173039226,4482.283202412878,10289.117931056579,6086.75,30.0,30.0
2017-03-26,7091.482362715147,3926.651131574453,10001.049675389142,8647.289999999999,32.0,32.0
2017-03-27,7474.910682348026,4614.3795312190805,10410.992410709945,8767.69,33.0,33.0
2017-03-28,7462.029252243965,4376.371058731423,10314.655373187277,8523.53,35.0,35.0
2017-03-29,7148.1841606410035,4142.432832934634,10055.87806270865,12041.14,38.0,38.0
2017-03-30,7234.118172357558,4239.865073469615,10081.057606953811,8837.59,32.0,32.0
2017-03-31,7591.87571741962,4863.491008880415,10555.3314754025,10395.86,36.0,36.0
2017-04-01,7456.838309102083,4457.287407539551,10484.048409273946,5503.19,30.0,30.0
2017-04-02,7186.5979270451035,4421.431621390871,10242.106867872175,6824.83,29.0,29.0
2017-04-03,7570.978178688602,4440.313546440116,10790.148379935148,8708.71,42.0,41.0
2017-04-04,7559.69718862255,4499.698673496097,10751.775156197238,10218.75,33.0,33.0
2017-04-05,7247.982483115354,4182.878072133149,10292.615844288825,8585.130000000001,36.0,36.0
2017-04-06,7336.469316234991,4506.611649246051,10294.956907357102,5314.08,31.0,31.0
2017-04-07,7697.108138282629,4825.902721215977,10447.427384394678,9281.85,34.0,34.0
2017-04-08,7565.201316972919,4523.8296973947145,10617.258914366254,7082.64,30.0,30.0
2017-04-09,7298.27666048887,4353.937370919549,10206.402619467293,7305.81,28.0,28.0
2017-04-10,7686.107627070158,4458.678165954915,10797.47411832181,6165.31,28.0,28.0
2017-04-11,7678.374274132533,4645.985133417307,10505.618285146498,7693.18,36.0,36.0
2017-04-12,7370.275380858983,4552.658836965363,10389.357741708749,6307.68,31.0,31.0
2017-04-13,7462.4233767225915,4558.802773718709,10533.606689053757,7275.83,34.0,34.0
2017-04-14,10263.254104395704,7433.797808527624,13156.428599127952,11974.630000000001,34.0,34.0
2017-04-15,7698.529002824428,4893.137130260447,10723.348974379658,4069.08,35.0,35.0
2017-04-16,7435.265784475954,4294.603347890002,10514.526190877315,9874.73,36.0,36.0
2017-04-17,7826.693925640191,4821.464625327163,10906.491622642217,7984.2300000000005,40.0,40.0
2017-04-18,7822.443062410466,4717.8659444681925,10769.220321436871,7331.36,37.0,37.0
2017-04-19,7517.646640924518,4494.65826060411,10409.079564483229,5932.1,32.0,32.0
2017-04-20,7612.835394822396,4602.132175963968,10296.440823784875,7359.7699999999995,30.0,30.0
2017-04-21,4257.126653552974,1206.9607849266085,7136.739721032082,3684.62,27.0,27.0
2017-04-22,7853.827520924695,4846.275804718164,10878.31614740534,8389.11,26.0,26.0
2017-04-23,7592.1669556939005,4563.738293025635,10501.117975809522,9027.73,40.0,40.0
2017-04-24,7984.45487238364,4853.8853583347745,11193.221964679286,7972.88,26.0,26.0
2017-04-25,7980.174484982218,4819.583124984965,10848.932758411886,12525.699999999999,41.0,41.0
2017-04-26,7674.311214060765,4697.114748281564,10818.982386594054,10591.94,38.0,38.0
2017-04-27,7767.252207236871,4950.522388678276,10700.33997744958,9082.23,38.0,38.0
2017-04-28,8130.696265718008,5195.2326960305645,10874.326711417596,7186.83,27.0,27.0
2017-04-29,7999.694378497103,4786.869030819525,10826.760499202084,7909.96,30.0,30.0
2017-04-30,7731.528420671149,4896.777691110331,10615.269035863694,8596.57,37.0,37.0
2017-05-01,8283.520165146892,5318.061783593648,11122.963891392787,8023.97,46.0,45.0
2017-05-02,8101.7883131812705,5017.329571589865,11115.514067408581,4602.24,26.0,26.0
2017-05-03,7784.692430164062,4857.008504755225,10653.398574443876,8391.87,37.0,37.0
2017-05-04,7864.914046549691,4979.512635112606,10603.02120677206,9480.0,42.0,42.0
2017-05-05,8214.281623929535,5141.0758320178775,11240.820397977312,6244.84,31.0,31.0
2017-05-06,8068.030692563631,5154.677971985772,10912.454331168747,7394.51,40.0,40.0
2017-05-07,7783.682766577828,4871.475307724898,10833.987975134842,7421.8,36.0,36.0
2017-05-08,8151.070410944018,5260.990657387717,11088.179171826547,8494.289999999999,36.0,36.0
2017-05-09,8120.002319791985,5280.96687641656,11125.328662938598,6373.38,32.0,32.0
2017-05-10,7785.87861640117,4791.448739111088,10645.889956888845,8710.01,36.0,36.0
2017-05-11,7849.587798653005,4771.236631486217,10925.617417254802,10316.81,36.0,36.0
2017-05-12,8183.411042695084,5124.8311817879485,11251.504237365894,5401.26,26.0,26.0
2017-05-13,8023.054021785832,4975.8267816230355,11070.272416397429,8876.01,37.0,37.0
2017-05-14,7726.513870873002,4606.371510305816,10565.166273250843,6426.21,29.0,29.0
2017-05-15,8084.091289028775,4965.425393826794,10975.51773054304,8432.34,38.0,38.0
2017-05-16,8046.0419866963875,5055.5920303046305,10998.624121221772,6932.96,32.0,32.0
2017-05-17,7708.1780726024335,4735.120925953131,10687.160924383401,5229.58,25.0,25.0
2017-05-18,7771.751214188698,4756.346292168033,10817.871912408094,10416.369999999999,42.0,42.0
2017-05-19,8109.34371182361,5095.96947990846,11077.240439769088,8466.47,36.0,36.0
2017-05-20,7956.888063302607,5011.8921983696355,10972.42729589478,5446.07,28.0,28.0
2017-05-21,7672.523068243054,4714.4115417362445,10675.131921848919,4055.11,28.0,28.0
2017-05-22,8046.596848929499,5161.118234809357,11096.901091530593,7352.45,40.0,40.0
2017-05-23,8029.311344004978,5180.461462198678,10761.756720049285,6380.6,34.0,33.0
2017-05-24,7716.319168256153,4690.335887422103,10612.74557311155,8780.66,39.0,39.0
2017-05-25,7808.604910094335,4771.5421675388025,10698.714222700019,6482.26,32.0,32.0
2017-05-26,8178.377170943342,5209.10285723627,11224.07410606933,7144.67,39.0,39.0
2017-05-27,8061.092018505621,5167.303288183777,11146.382521423566,8546.77,39.0,39.0
2017-05-28,7814.315904756786,4917.595207551632,10720.998298140823,5832.86,27.0,27.0
2017-05-29,8227.738350523352,5245.059163018761,11367.40571327313,7613.389999999999,36.0,36.0
2017-05-30,8250.828789881663,5010.081564656243,11374.81180744694,5173.84,36.0,36.0
2017-05-31,7978.448222721894,4819.942380050115,11052.72527127554,8637.28,33.0,33.0
2017-06-01,8110.747424871596,5197.241690758238,10970.940478742583,10311.09,30.0,30.0
2017-06-02,8519.077628049701,5559.7108400409215,11477.894226726003,8913.86,54.0,54.0
2017-06-03,8438.033889579516,5786.849425733796,11401.667889677103,6783.42,31.0,31.0
2017-06-04,8224.338702395293,5101.847159012209,11291.811274771137,9806.7,39.0,39.0
2017-06-05,8666.875611926624,5600.559028170483,11626.653940258302,10974.22,39.0,39.0
2017-06-06,8714.36667615637,5789.04984302326,11602.855784418323,7058.53,44.0,44.0
2017-06-07,8461.003864026603,5486.693716978254,11554.91597454109,11257.6,44.0,44.0
2017-06-08,8606.365578535744,5623.59492981498,11455.33007354234,10832.92,52.0,52.0
2017-06-09,9021.343709110777,5996.587421160539,11976.763869055758,6986.55,42.0,42.0
2017-06-10,8940.200947026153,6198.688630135374,11785.314150613653,9765.9,43.0,43.0
2017-06-11,8719.465493636797,5666.146429777825,11365.861318353649,7863.9,30.0,30.0
2017-06-12,9147.972575937294,6011.209395544403,12152.628221165012,6667.72,37.0,37.0
2017-06-13,9174.546336200368,6071.78509098989,12195.661076381848,7783.6,42.0,42.0
2017-06-14,8893.632003078132,5962.6700529468335,11833.672324724539,5830.84,33.0,33.0
2017-06-15,9005.209460509044,5937.391298076676,11850.484147648896,13806.27,53.0,53.0
2017-06-16,9380.713621304563,6278.198131690909,12271.554895520641,7601.97,34.0,34.0
2017-06-17,9255.081464051556,6270.6172172185525,12347.177631813316,11664.54,57.0,57.0
2017-06-18,8985.633078995132,5876.560748007446,11715.749346932058,7317.29,35.0,35.0
2017-06-19,9362.096449387382,6250.151026643942,12482.281497036314,10634.05,43.0,43.0
2017-06-20,9334.269934080026,6356.749028086971,12348.897913713245,7691.74,33.0,33.0
2017-06-21,8997.632834646103,6066.668947147276,12010.284656071715,9693.46,43.0,43.0
2017-06-22,9053.23570365323,6098.889060447979,12014.44105823348,12102.2,50.0,50.0
2017-06-23,9373.596391158093,6142.834481243582,12303.612801085295,10584.62,41.0,41.0
2017-06-24,9194.722312103237,6259.870204135499,12169.311494750737,11415.95,46.0,46.0
2017-06-25,8874.966921116526,6109.29589531694,11956.092867363057,6765.75,46.0,46.0
2017-06-26,9205.03076143364,6113.802229203164,12052.289895894693,7940.19,34.0,34.0
2017-06-27,9135.601671838425,6040.342546657059,12038.42711023924,6093.13,38.0,38.0
2017-06-28,8762.945124675229,5940.955412198339,11635.41475569069,6805.2,46.0,45.0
2017-06-29,8788.77687748639,5524.98932291703,11628.717132060066,7149.47,46.0,46.0
2017-06-30,9086.144401208272,6264.395299370592,12038.177342457571,7944.08,36.0,36.0
2017-07-01,8891.437948766164,6009.983985648726,11651.163098732888,11947.61,49.0,49.0
2017-07-02,8563.239539636985,5496.322413404178,11632.52502470243,8313.08,31.0,31.0
2017-07-03,8892.320414669146,5949.375147439322,11845.196984910168,7164.37,39.0,39.0
2017-07-04,8829.281629184727,5982.752944685939,11701.226505606062,13381.41,51.0,51.0
2017-07-05,8470.148724176566,5398.993920390288,11437.995703496263,10467.9,35.0,35.0
2017-07-06,8516.252527099035,5653.761168773623,11562.17445662199,7519.39,37.0,37.0
2017-07-07,8840.122300937712,5691.844539655136,11806.596741235591,4930.99,27.0,27.0
2017-07-08,8677.511766110332,5721.165714406605,11681.146795693068,8807.89,35.0,35.0
2017-07-09,8386.265842150653,5385.5846849018535,11493.965880308599,6853.17,33.0,33.0
2017-07-10,8756.338158294206,5629.155821994548,11700.036705704075,6742.17,50.0,50.0
2017-07-11,8737.453433545506,5892.526985539354,11703.994711333498,10127.31,39.0,39.0
2017-07-12,8424.725052696176,5499.73744641878,11345.554140686672,8405.48,40.0,40.0
2017-07-13,8518.55924803402,5712.671009077519,11480.686269021324,9054.51,47.0,47.0
2017-07-14,8890.571453812378,6039.3451487734255,11902.112993052218,11442.33,43.0,43.0
2017-07-15,8775.634714159116,5494.894084506951,12050.214865187521,8964.48,46.0,46.0
2017-07-16,8530.767381723894,5548.407095288881,11610.93920230822,5420.67,28.0,28.0
2017-07-17,8945.169574897758,5755.383965230276,11767.779286819074,7329.56,38.0,38.0
2017-07-18,8967.901997124318,5962.010898957155,12005.51839693273,9110.32,43.0,43.0
2017-07-19,8693.517007252965,5569.469781302501,11527.15559850823,5450.7,46.0,46.0
2017-07-20,8821.973008860385,5733.6389113560335,11791.108244632487,8536.62,40.0,40.0
2017-07-21,9224.557481391128,6219.033192547762,12254.794937295834,9082.92,42.0,42.0
2017-07-22,9135.938396486987,5955.593309116146,12254.161390114448,8653.619999999999,39.0,39.0
2017-07-23,8913.051222357872,6027.415482530484,12012.35116457204,7674.56,33.0,33.0
2017-07-24,9345.131076614605,6254.729212117486,12090.421355709348,5195.66,24.0,24.0
2017-07-25,9381.383808825143,6486.979508496539,12461.065145985513,12898.01,52.0,52.0
2017-07-26,9116.606197986588,6271.286111935435,12393.25111002413,7854.04,32.0,32.0
2017-07-27,9251.086715211262,6338.96209710433,12241.453957860052,8755.0,31.0,31.0
2017-07-28,9656.512639086668,6878.601576196523,12768.652620926,7501.6,45.0,45.0
2017-07-29,9568.00379874624,6750.378934691271,12236.851138369202,6598.39,40.0,40.0
2017-07-30,9342.980730048193,6404.415240286419,12412.597002817769,6859.26,31.0,31.0
2017-07-31,9771.177421028111,6674.536561485972,12826.813255705903,10161.23,40.0,40.0
2017-08-01,9802.293058068062,6938.74334850159,12735.364589092764,8369.96,51.0,51.0
2017-08-02,9531.593583435244,6470.683126079695,12578.112210673069,7916.19,47.0,47.0
2017-08-03,9659.333398371393,6709.957655075272,12442.266168482305,12867.42,56.0,54.0
2017-08-04,10058.032146770844,7343.364865443092,13260.776956744923,12950.58,45.0,45.0
2017-08-05,9963.110177568764,7041.262136197557,12959.185360748124,9495.08,49.0,49.0
2017-08-06,9732.208072556223,6731.483383691873,12733.291720411878,8997.15,35.0,34.0
2017-08-07,10155.192163889147,7174.205876262025,13013.130707727498,11980.47,46.0,45.0
2017-08-08,10181.802407908333,7328.371555259196,13340.101757306824,9631.539999999999,56.0,56.0
2017-08-09,9907.253556843936,6946.856320895937,12930.397686203036,12802.85,46.0,46.0
2017-08-10,10032.121700091939,7058.306939096008,12886.69944541796,13544.039999999999,56.0,56.0
2017-08-11,10428.242429495001,7470.768852526594,13369.052749146902,10503.95,51.0,51.0
2017-08-12,10330.741201115701,7125.160918646588,13351.87002494904,11416.710000000001,46.0,46.0
2017-08-13,10096.903797155763,7082.262361248071,13045.359589821695,8991.31,42.0,42.0
2017-08-14,10516.196998690335,7586.487552736155,13435.721371512305,9504.96,42.0,42.0
2017-08-15,10537.933632710094,7636.248834121782,13453.612612078727,10492.56,42.0,42.0
2017-08-16,10256.892380347788,7076.307537080352,13199.983908535878,9291.77,45.0,45.0
2017-08-17,10373.223810797963,7367.910819379898,13323.263585068114,13236.45,49.0,49.0
2017-08-18,10758.368253903487,7807.50226219844,13664.48978853741,14496.74,41.0,41.0
2017-08-19,10647.105427837349,7872.83206827972,13702.771577225765,9415.5,50.0,50.0
2017-08-20,10396.443074872675,7553.736883765984,13243.882984347103,15533.789999999999,63.0,63.0
2017-08-21,10795.654090845765,7742.934268916272,13544.711324213842,14035.25,54.0,54.0
2017-08-22,10793.955731844911,7887.389632440688,13897.846030929042,8386.93,49.0,49.0
2017-08-23,10485.513295486147,7574.482659139389,13438.903256384083,15475.24,57.0,57.0
2017-08-24,10571.236669613003,7712.731466891135,13686.9573678579,7797.9800000000005,45.0,45.0
2017-08-25,10922.820289400426,8035.868220400874,13837.350657126677,10845.6,53.0,53.0
2017-08-26,10775.420912736985,7678.497559639512,13775.150181953659,12401.539999999999,47.0,47.0
2017-08-27,10486.542980071497,7504.900727786802,13505.66510623669,14892.82,58.0,57.0
2017-08-28,10846.068515020625,7893.116889677445,13745.576071484873,15008.91,59.0,59.0
2017-08-29,10803.92526811732,8080.850915696276,14055.147567301163,7403.7,40.0,40.0
2017-08-30,10455.703212160282,7541.887241638299,13398.173621888523,9890.41,44.0,44.0
2017-08-31,10502.550768771514,7492.784152918428,13628.276910383223,12438.5,55.0,55.0
2017-09-01,10817.076493193934,7851.116779462636,13874.72868982159,13798.01,57.0,57.0
2017-09-02,10635.376445922415,7581.2793448358125,13602.796657008606,7366.49,44.0,44.0
2017-09-03,10315.895007935387,7559.983006801737,13406.967698060025,6549.59,33.0,33.0
2017-09-04,10649.429307993694,7829.777729047632,13487.432387072722,12533.22,57.0,56.0
2017-09-05,10586.771689559393,7474.770780341632,13438.40425165691,12051.41,54.0,54.0
2017-09-06,10224.301069900273,7077.609529608929,13024.628593054747,11969.99,52.0,52.0
2017-09-07,10738.38009236303,7740.130362596132,13743.02371042982,10728.18,38.0,38.0
2017-09-08,10578.611055584195,7810.172678267762,13734.854917602232,8232.72,36.0,36.0
2017-09-09,10405.0918987181,7392.540916671321,13428.523913832098,13821.74,53.0,53.0
2017-09-10,10102.013303915643,7040.403409753926,13188.799867576314,10832.61,46.0,46.0
2017-09-11,10459.762543231436,7647.788864459092,13450.411311129545,9423.75,50.0,50.0
2017-09-12,10429.57033770195,7673.8196531407675,13247.950423828579,7233.610000000001,54.0,54.0
2017-09-13,10107.561740771951,7038.347698746809,13206.831570306374,9172.82,50.0,50.0
2017-09-14,10195.142169494544,7282.437850350929,13211.720662581982,11012.45,49.0,49.0
2017-09-15,10564.883272313693,7765.058797918537,13290.523879742952,7243.48,35.0,34.0
2017-09-16,10452.541805498726,7403.865116866578,13269.442286139914,16540.12,50.0,50.0
2017-09-17,10215.919658131268,7343.792590386585,13230.875759474202,12368.74,48.0,48.0
2017-09-18,10644.875363647925,7820.379059255614,13594.789054948955,10889.21,48.0,48.0
2017-09-19,10688.98147371419,7796.773433208763,13724.620919738223,18134.81,69.0,69.0
2017-09-20,10443.1383728048,7373.658118210045,13463.92914263793,8694.26,41.0,40.0
2017-09-21,10607.47616295565,7815.092259666755,13553.941837897448,8571.45,45.0,45.0
2017-09-22,11053.270365231569,8166.572579924899,13931.621109003108,9198.38,42.0,42.0
2017-09-23,11014.991451910988,8040.239509252825,13828.471301052528,6122.24,38.0,38.0
2017-09-24,10849.195520470583,7933.8288245751955,13798.1382408313,8609.97,46.0,46.0
2017-09-25,11344.565610818152,8260.351906687592,14541.278150519542,10624.03,52.0,52.0
2017-09-26,11449.597221189486,8425.022591515442,14585.870586450492,10302.3,47.0,47.0
2017-09-27,11258.237820471026,8120.244834594147,14262.879294973565,10302.5,46.0,46.0
2017-09-28,11469.81126823203,8338.211407122186,14653.25144696358,8317.08,40.0,40.0
2017-09-29,11954.952254354395,8841.85251907672,14926.908754505666,14153.94,58.0,58.0
2017-09-30,11947.670239869933,8897.535677903938,15058.235079290347,13130.66,59.0,59.0
2017-10-01,11802.375376436605,8880.100957769235,14735.382435446883,10345.21,60.0,60.0
2017-10-02,12309.547721078185,9142.488337271114,15338.474778716112,16182.18,66.0,66.0
2017-10-03,12417.798962556933,9420.254276292972,15645.344115765716,13125.27,56.0,56.0
2017-10-04,12221.380655824767,9242.464034591107,15126.435206357366,11019.49,50.0,49.0
2017-10-05,12420.097926426733,9662.964697450278,15438.761738601455,15634.5,75.0,75.0
2017-10-06,12885.228467964609,9789.557314328464,15814.21736929364,17252.54,59.0,59.0
2017-10-07,12851.56674152184,9774.07710962751,15929.001068865546,8876.58,44.0,43.0
2017-10-08,12676.300825578628,9797.005622754843,15679.269912827,17014.94,64.0,64.0
2017-10-09,13149.031795692366,10220.656452114736,16289.87368104413,10574.59,41.0,41.0
2017-10-10,13219.429798307448,10123.646425022369,16268.608668147235,11507.31,54.0,54.0
2017-10-11,12982.837440669464,10380.054939458212,16056.28229263732,12997.86,51.0,51.0
2017-10-12,13908.809624524052,11039.273794316972,16705.86612308836,13909.210000000001,61.0,60.0
2017-10-13,13563.715724057636,10661.004691171625,16696.150635131886,15503.29,68.0,68.0
2017-10-14,13489.326085627481,10537.87190976348,16380.868102019766,11889.94,59.0,59.0
2017-10-15,13275.089187432512,10296.24355768083,16219.343267471611,15111.4,68.0,68.0
2017-10-16,13711.412111728685,10775.53162764056,16590.39857119057,13417.8,59.0,59.0
2017-10-17,13748.638039780531,10999.526198775886,16663.76348890348,12380.33,59.0,59.0
2017-10-18,13482.632413420666,10589.714970982539,16589.43018981679,14038.08,72.0,71.0
2017-10-19,13614.653003069687,10617.5106269326,16737.840921242485,14775.08,61.0,61.0
2017-10-20,14014.112848640787,11138.014847948576,17053.128709209963,15172.5,64.0,64.0
2017-10-21,13919.945626009227,10932.179847356858,16916.59136070255,9904.19,39.0,39.0
2017-10-22,13690.104776135007,10730.640305477464,16701.152631464603,16598.32,74.0,73.0
2017-10-23,14114.684052436438,11191.45792084295,16955.159930634953,10704.5,55.0,55.0
2017-10-24,14143.565621049862,11257.109145167886,17378.075413804043,13623.48,67.0,67.0
2017-10-25,13872.024287037544,10913.09553313141,16628.594659769245,14563.38,60.0,60.0
2017-10-26,14000.619763839248,10881.14182862223,16936.777800519918,13905.42,67.0,67.0
2017-10-27,14401.103009924178,11241.306026310564,17449.41172950536,13612.41,68.0,68.0
2017-10-28,14308.45690552828,11202.755938870223,17117.20454027015,12074.7,65.0,64.0
2017-10-29,14079.778813207746,11271.658529950382,17357.40661909008,12064.58,62.0,62.0
2017-10-30,14504.314723194217,11486.253613735573,17379.604171448187,14675.95,60.0,59.0
2017-10-31,14531.138699369378,11720.87523855077,17792.9474704945,13885.82,64.0,64.0
2017-11-01,14254.78753996845,11415.542728774453,17168.62102067547,12723.19,59.0,59.0
2017-11-02,21420.079916024442,18556.643202128154,24485.416589824177,21412.8,77.0,77.0
2017-11-03,14763.557137902111,11916.898562068765,17782.945532090285,17092.21,68.0,68.0
2017-11-04,14654.528941087876,11644.02105304371,17886.70292318494,18503.15,74.0,74.0
2017-11-05,14404.991204841248,11530.969666123312,17317.87794370622,16431.09,72.0,72.0
2017-11-06,14804.164595197739,11835.216792880667,17712.542388038135,16120.39,80.0,80.0
2017-11-07,14801.283431045027,11463.840892898126,17731.65796090725,16941.96,73.0,73.0
2017-11-08,14486.552440946652,11671.319443165621,17395.557414845756,16432.71,74.0,74.0
2017-11-09,14565.103452594622,11695.717305741196,17701.288147981904,14784.67,52.0,52.0
2017-11-10,14908.878133939457,11680.715758067654,17922.30621361764,17998.98,80.0,80.0
2017-11-11,14753.355427159504,11613.404913944732,17941.53131179812,11425.52,66.0,66.0
2017-11-12,14456.431324576848,11468.140657696444,17427.856682012072,9169.38,38.0,37.0
2017-11-13,14808.440478743094,11882.865103707394,17746.79699493707,12985.31,72.0,72.0
2017-11-14,14759.813534595225,11897.194467393656,17578.255063058004,15872.02,82.0,81.0
2017-11-15,16697.043043087422,13666.688019505715,19754.484028895342,16705.66,74.0,74.0
2017-11-16,14450.752216474171,11652.023079652543,17372.10901475084,14715.64,70.0,70.0
2017-11-17,14765.20496965508,11652.63895911985,17852.260948583655,13595.48,63.0,63.0
2017-11-18,14586.690683080853,11661.110886811362,17643.736237500325,10989.1,61.0,61.0
2017-11-19,14274.179134677282,11234.319722666247,17165.42882314981,16436.760000000002,74.0,74.0
2017-11-20,14618.94392562896,11481.504376761532,17601.13322871051,15808.41,74.0,74.0
2017-11-21,14572.186773815736,11655.377563366583,17660.63026659031,19713.35,85.0,85.0
2017-11-22,14230.61153443314,11173.123542226418,17072.75610933476,14347.83,73.0,72.0
2017-11-23,14296.280552413882,11288.65706957981,17337.028487280608,14122.88,68.0,68.0
2017-11-24,14642.480245817129,11592.172473163919,17842.05566531085,13199.869999999999,56.0,56.0
2017-11-25,14505.717234937185,11491.187939960899,17509.841946394037,10602.91,63.0,63.0
2017-11-26,14244.553742924503,11176.223719187372,17208.740834458276,11910.94,68.0,68.0
2017-11-27,14649.593260468164,11885.37919362334,17719.61795279943,14873.24,62.0,62.0
2017-11-28,14665.305420818302,11796.086303406906,17885.317211851467,9975.93,49.0,49.0
2017-11-29,14393.032085711535,11323.26344597753,17305.383238462535,16594.93,72.0,72.0
2017-11-30,14533.445664260826,11650.456701728703,17750.27751486004,14826.99,74.0,74.0
2017-12-01,14958.2475236905,12030.060996042886,18050.95148057057,19400.329999999998,70.0,70.0
2017-12-02,14902.196547735055,12014.054091604166,17904.08581929527,16112.92,86.0,86.0
2017-12-03,14721.981966565934,11693.39688342954,17788.9181938571,15075.63,73.0,73.0
2017-12-04,15206.250570013417,12077.99210546306,18144.624746723337,14520.88,80.0,80.0
2017-12-05,15303.282385497554,12235.04280742945,18363.69349309695,16491.68,74.0,74.0
2017-12-06,15106.62504385997,12077.964719158515,18154.306741620276,11443.18,68.0,68.0
2017-12-07,15315.018055375403,12258.583111482378,18251.262761090304,18487.1,83.0,83.0
2017-12-08,15798.332293185758,12743.382859484847,18727.357258237396,19662.98,78.0,78.0
2017-12-09,15789.644217534988,13068.996662062247,19049.854051648726,14841.17,74.0,74.0
2017-12-10,15644.151651355844,12706.562606475602,18624.684389031045,18852.96,78.0,78.0
2017-12-11,16149.240099832077,13072.312463803504,19094.365944077155,15680.98,79.0,79.0
2017-12-12,16252.19266394112,13448.1818182026,19357.47946513923,12169.72,54.0,54.0
2017-12-13,16045.85285497682,12890.0427940271,19097.79995996737,15045.07,70.0,70.0
2017-12-14,16228.570756121417,13368.287634941944,19192.965514378848,18804.57,67.0,67.0
2017-12-15,16670.15721295923,13833.498832042136,19754.549411911838,17213.72,73.0,73.0
2017-12-16,16603.965148828476,13621.225013824253,19562.98746677307,11020.78,63.0,63.0
2017-12-17,16378.892037025542,13525.702064560635,19443.320188049267,17192.35,66.0,66.0
2017-12-18,16790.17512717982,13761.000352722665,19804.609851104044,15951.91,70.0,70.0
2017-12-19,16786.347314849038,13906.805011592158,19645.66113052352,13697.33,70.0,70.0
2017-12-20,16461.788616419057,13609.188377565151,19466.891940912497,16321.42,74.0,74.0
2017-12-21,16516.64157329063,13645.583297836083,19591.57355523618,16742.53,74.0,74.0
2017-12-22,16822.72850571309,13656.31816703015,19615.667149228717,13190.8,78.0,78.0
2017-12-23,16615.590576300732,13666.970674006194,19679.81665760671,20908.16,90.0,90.0
2017-12-24,16253.356225154766,13080.09045197121,19227.134049803142,16106.08,80.0,80.0
2017-12-25,22307.298514612696,19215.799274811812,25323.48931235639,22316.97,93.0,93.0
2017-12-26,16386.729359969333,13219.944055207496,19089.748167731483,23148.16,90.0,90.0
2017-12-27,15930.080774040658,12929.064715483288,18944.28374403462,16257.300000000001,86.0,85.0
2017-12-28,15859.273303896636,12825.401274548305,18900.958774978444,14957.9,84.0,84.0
2017-12-29,16048.330354763706,13226.180406845293,18956.041181721528,18604.88,73.0,73.0
2017-12-30,15734.820326638139,12680.619905365864,18702.2701856693,16118.58,80.0,80.0
2017-12-31,15278.681663761516,12201.429999238646,18082.034730947435,16679.99,85.0,85.0
2018-01-01,13551.233595418664,10702.352701279404,16471.985466822294,11373.47,64.0,64.0
2018-01-02,15267.579503495386,12295.812596350444,18200.197522950388,12089.35,75.0,75.0
2018-01-03,14762.579592183783,11670.769572359757,17745.268206106313,14191.76,67.0,67.0
2018-01-04,14660.283937794755,11533.776685938892,17591.10713285669,12728.53,69.0,69.0
2018-01-05,14834.99467912634,11790.001819894642,17737.11673968405,15739.92,60.0,60.0
2018-01-06,14515.922904774472,11612.676504109324,17474.31231454067,18961.57,75.0,74.0
2018-01-07,14070.891099146747,11058.48839134239,16806.430194129123,13440.64,59.0,59.0
2018-01-08,14291.443194663063,11156.447254295235,17180.012969672513,17495.1,79.0,79.0
2018-01-09,14128.764779899815,11241.743550035004,16978.708466186654,13408.33,56.0,56.0
2018-01-10,13679.270723352502,10651.79546737343,16442.92255694476,14324.27,69.0,69.0
2018-01-11,13644.483075047568,10745.034752281159,16900.418292982882,12081.8,67.0,66.0
2018-01-12,13896.925417376779,10803.516084584746,16915.638023870542,14696.72,72.0,72.0
2018-01-13,13672.154053003707,10804.924658622724,16704.58551632562,13324.28,60.0,60.0
2018-01-14,13327.633657186394,10315.132412842886,16409.432712971586,12901.72,51.0,51.0
2018-01-15,13652.767149172601,10755.790123674862,16469.091523832565,13875.51,72.0,72.0
2018-01-16,13596.573523764095,10553.065839114539,16496.819590891824,12579.8,77.0,77.0
2018-01-17,13253.323555827363,10441.063493933825,16472.993433836084,16783.58,66.0,66.0
2018-01-18,13322.464331423562,10218.229562359997,16244.78720308466,12177.36,62.0,62.0
2018-01-19,13674.557686442775,10785.50895313554,16419.84655802205,11438.17,59.0,59.0
2018-01-20,13543.351930711713,10627.944327189167,16625.61469662636,11079.02,62.0,62.0
2018-01-21,13284.693580064091,10407.32042147611,16304.781901642535,19722.86,69.0,69.0
2018-01-22,13686.588072617056,10542.51864907842,16498.86780964524,10218.460000000001,57.0,57.0
2018-01-23,13696.902576156443,10602.122189022011,16799.331551701816,17849.62,86.0,86.0
2018-01-24,13409.02032318176,10397.277224004634,16415.327585309788,14434.05,63.0,62.0
2018-01-25,13513.75029563717,10483.783609152886,16327.97544110816,14152.12,63.0,63.0
2018-01-26,13889.35131754152,11213.754136861839,17022.33631180435,13416.32,54.0,54.0
2018-01-27,13769.521741573433,10628.438613555625,16803.09037557408,16440.79,76.0,76.0
2018-01-28,13510.329884180002,10612.39534146002,16408.644723694237,18461.06,76.0,76.0
2018-01-29,13900.260435464692,10918.690116784097,16926.654047348984,14470.0,77.0,76.0
2018-01-30,13887.897284575449,10932.803962167643,16979.32703078207,12874.89,64.0,64.0
2018-01-31,13567.55283893513,10784.914142663329,16616.679734944242,16654.05,80.0,80.0
2018-02-01,13639.175235365012,10720.022012097725,16726.449783374177,10279.19,55.0,55.0
2018-02-02,13974.259229988258,11033.509153953704,16863.04161464643,17653.89,72.0,72.0
2018-02-03,13807.881088983451,10768.523895643899,16797.029228663992,14095.57,54.0,54.0
2018-02-04,13497.565355385621,10340.043087281721,16544.418600781475,14891.24,63.0,63.0
2018-02-05,13833.293795341151,10946.058465465589,16941.7648310852,11260.27,60.0,60.0
2018-02-06,13765.151094060868,10684.238678799982,16493.346291476973,12404.61,62.0,62.0
2018-02-07,13388.91829668536,10484.507900139868,16298.206365684715,10623.050000000001,53.0,53.0
2018-02-08,13405.946250246581,10333.357150017027,16407.926130467506,12631.35,58.0,58.0
2018-02-09,13689.035612074971,10713.790655316257,16464.194742952404,14107.26,60.0,59.0
2018-02-10,13474.444427013821,10686.598099387473,16368.214866028251,19092.51,63.0,63.0
2018-02-11,13120.731715481761,10329.41335535622,15819.614393289949,17082.47,67.0,67.0
2018-02-12,13418.747817288562,10510.666715651962,16599.15542611052,13390.7,58.0,58.0
2018-02-13,13314.074870564276,10159.766686994451,16297.219325087024,10030.65,51.0,51.0
2018-02-14,12908.186085384817,9979.080165585057,15824.915088177275,12223.51,63.0,62.0
2018-02-15,12902.741111416266,10028.23530323067,15711.053136134491,15766.0,68.0,68.0
2018-02-16,13170.658950196646,10251.426093115539,16325.420726143553,15158.85,59.0,59.0
2018-02-17,12948.131688630576,10060.799066646574,15835.48259461475,9874.89,43.0,43.0
2018-02-18,12593.478645324216,9449.215174014631,15525.270696407439,12622.02,66.0,66.0
2018-02-19,12897.151220645348,10119.149763477744,16020.11483561689,15809.11,76.0,76.0
2018-02-20,12809.382785918586,9787.178868624249,15488.752235876207,14207.130000000001,66.0,66.0
2018-02-21,12425.794163007533,9562.613868261442,15525.365798429668,17694.9,68.0,68.0
2018-02-22,12447.286316361333,9378.081863224881,15229.345272209475,14760.199999999999,64.0,64.0
2018-02-23,12745.946021836035,9776.770665830001,15792.99762985524,11860.39,56.0,56.0
2018-02-24,12557.084574159857,9426.371810813638,15474.683625512773,12438.77,53.0,53.0
2018-02-25,12238.116925441884,9442.188531002403,15271.061297075747,12927.69,77.0,77.0
2018-02-26,12578.590873275913,9681.89716946093,15639.204787777842,12253.1,59.0,59.0
2018-02-27,12527.860007271727,9739.437719004243,15613.68093584276,10413.15,50.0,49.0
2018-02-28,12180.710400493608,9036.983749584162,15019.424114211653,14631.95,61.0,61.0
2018-03-01,12237.272178552028,9224.734066627672,15129.3867443511,11305.51,49.0,48.0
2018-03-02,12568.941327907312,9784.744264916268,15554.834280921905,15836.56,57.0,57.0
2018-03-03,12410.431497213576,9141.990939118832,15310.716515179554,9426.05,39.0,39.0
2018-03-04,12118.662976053864,9186.385012557821,15133.605417938574,9515.6,39.0,39.0
2018-03-05,12482.798363144557,9602.960653029771,15584.242132557818,15732.19,53.0,53.0
2018-03-06,12451.91863004866,9315.509999461055,15386.3588131573,13561.83,58.0,58.0
2018-03-07,12120.64965477249,9112.36809596306,15141.84815258405,11169.57,65.0,65.0
2018-03-08,12189.070545037795,9243.988914482597,15207.971226995627,11392.37,52.0,51.0
2018-03-09,12528.629374740813,9352.234764144978,15457.197887972172,8800.9,52.0,52.0
2018-03-10,12374.186422129254,9260.226139003067,15413.964354627984,7374.63,49.0,48.0
2018-03-11,12082.892485514427,9062.712277981094,15082.766092480391,14475.05,55.0,55.0
2018-03-12,12444.21222345616,9651.840181365875,15484.159047677158,12270.11,50.0,50.0
2018-03-13,12407.586685682054,9532.476121996695,15362.107652540193,10381.09,58.0,58.0
2018-03-14,12068.045588416775,9033.707132070145,15043.69299465626,8896.47,54.0,54.0
2018-03-15,12126.101121957538,9263.6157763568,14937.032643073602,11929.67,47.0,46.0
2018-03-16,12453.649371428268,9423.44064730268,15583.118415951712,13790.14,59.0,59.0
2018-03-17,12285.999863417554,9570.814839113407,15172.606954744931,10304.44,54.0,54.0
2018-03-18,11980.741196284825,8960.630674342132,14818.661854587941,7703.31,49.0,49.0
2018-03-19,12327.753030110787,9166.93010241386,15171.03139832581,13826.65,54.0,54.0
2018-03-20,12276.858870522337,9396.03680691666,15355.467931404195,15026.01,55.0,55.0
2018-03-21,11923.43040100215,9089.408401923132,15014.376244401681,8998.33,50.0,50.0
2018-03-22,11968.275281916389,8819.564057525065,15057.56917010547,9321.56,50.0,50.0
2018-03-23,12283.534555910774,9489.258404985414,15257.364700146312,10561.8,49.0,49.0
2018-03-24,12104.710159975344,9434.776090093199,15232.154403801806,12765.52,60.0,60.0
2018-03-25,11789.530427241692,8802.671392178552,14947.47584146092,13884.5,62.0,62.0
2018-03-26,12127.963707379255,9276.530842867729,14919.33642960235,6749.32,45.0,45.0
2018-03-27,12069.87435410785,9059.041551466147,15118.898047743496,10910.74,55.0,55.0
2018-03-28,11710.631592980413,8759.622502601378,14646.974346219318,13505.9,52.0,52.0
2018-03-29,11751.002916485862,8757.233182010319,14794.850788350186,12570.27,66.0,66.0
2018-03-30,14499.563959785019,11669.3069851181,17312.605559203883,13404.06,56.0,56.0
2018-03-31,11882.202291477539,8934.462941420903,14870.272575514597,13641.76,53.0,53.0
2018-04-01,11566.050973115749,8534.51372655639,14589.08674329534,9369.12,47.0,47.0
2018-04-02,11904.447927975607,8970.376463939529,14765.661586381251,6629.37,37.0,37.0
2018-04-03,11847.128888325524,8852.09347461435,14898.42795896727,8837.86,40.0,40.0
2018-04-04,11489.335916068083,8368.8552501686,14355.231377495207,8205.85,42.0,42.0
2018-04-05,11531.71570133001,8658.435988062138,14603.897266330618,11526.36,44.0,44.0
2018-04-06,11846.22721911357,8965.692674380914,14743.795125792238,11915.47,52.0,52.0
2018-04-07,11668.178833049495,8723.198636602963,14540.414856997357,16019.35,67.0,67.0
2018-04-08,11355.102366913916,8581.087833908501,14251.32221579065,10765.75,45.0,45.0
2018-04-09,11696.77398670459,8716.102993672812,14843.211236118748,9852.85,51.0,51.0
2018-04-10,11642.875915008488,8651.635028496428,14688.089352192517,11499.42,62.0,62.0
2018-04-11,11288.609355573933,8456.460501576768,14376.686433315406,9043.75,45.0,45.0
2018-04-12,11334.590218711332,8158.207432888132,14284.58288556811,9352.92,54.0,54.0
2018-04-13,11652.753515467397,8376.38508983506,14445.83632337683,12667.24,48.0,48.0
2018-04-14,11478.386741721379,8626.811906282153,14440.709760781698,12930.5,45.0,45.0
2018-04-15,11168.999965272555,8240.757676957852,14149.844562816887,11725.2,48.0,47.0
2018-04-16,11514.342740627826,8589.91842171177,14662.656965053804,10302.07,51.0,51.0
2018-04-17,11464.062095522528,8543.31499339752,14281.244178780484,9988.05,59.0,59.0
2018-04-18,11113.312203173145,8248.219308017828,14081.87860056877,11711.1,53.0,53.0
2018-04-19,11162.647543077714,8273.238618054473,14208.192533345513,11192.49,61.0,61.0
2018-04-20,11483.925605761922,8694.70936578953,14309.507085587791,11493.93,54.0,54.0
2018-04-21,7589.625646497966,4458.608612630525,10498.38329584295,7332.03,41.0,41.0
2018-04-22,11005.288945743492,7951.665879463643,13922.717713193293,10222.56,46.0,45.0
2018-04-23,11352.397912396586,8375.132810467592,14177.766499723306,11722.18,58.0,58.0
2018-04-24,11303.176305088507,8340.549155228613,14353.100265935927,11257.18,54.0,54.0
2018-04-25,10952.633125739758,8205.677664830366,13739.603643654946,11075.24,46.0,46.0
2018-04-26,11001.174692154716,8016.418909841808,13949.049674205495,16605.579999999998,66.0,66.0
2018-04-27,11320.51319392753,8430.218658714553,14397.73751290772,9135.880000000001,50.0,50.0
2018-04-28,11145.705928407424,8236.781949179986,14122.848304425343,10413.09,51.0,51.0
2018-04-29,10834.032840195856,7998.807846116466,13702.002457416449,9856.37,47.0,47.0
2018-04-30,11175.022241094912,8213.489691582641,14224.180183801482,15019.9,58.0,58.0
2018-05-01,11285.901010771346,7998.337120101763,14171.886522347677,11675.74,39.0,39.0
2018-05-02,10758.303207826006,7960.3963400201355,13815.771830168856,10360.11,46.0,46.0
2018-05-03,10795.997728957056,7828.023152790799,13993.85422958064,9046.89,57.0,57.0
2018-05-04,11102.978391081591,8010.451238100013,14144.73773847371,8942.35,42.0,42.0
2018-05-05,10914.418667650525,7711.623695315974,13706.876487124473,11913.23,50.0,50.0
2018-05-06,10587.769235314154,7460.405965184923,13493.44568051429,11443.039999999999,45.0,45.0
2018-05-07,10912.784349587519,8005.514720968923,14030.643800041258,10160.9,46.0,46.0
2018-05-08,10839.188571010465,7809.193832503312,13772.666842869741,9703.61,47.0,47.0
2018-05-09,10462.294019141402,7582.937356726353,13278.650310512025,10913.95,51.0,51.0
2018-05-10,10482.899533468413,7483.755893285891,13466.88518859967,9121.97,43.0,43.0
2018-05-11,10773.197398640003,7915.477528585443,13807.333878599678,7285.25,45.0,45.0
2018-05-12,10568.807726464518,7431.905393808488,13637.629588242045,12213.71,51.0,51.0
2018-05-13,10227.648053242612,7355.424825371747,13067.89988408429,10024.32,44.0,44.0
2018-05-14,10539.948067283409,7421.243125399347,13341.346808053599,10244.51,46.0,46.0
2018-05-15,10455.903593106914,7548.208184940354,13496.468142383428,9545.3,48.0,48.0
2018-05-16,10071.28034622387,7128.251770765455,13107.374484852882,10086.960000000001,42.0,42.0
2018-05-17,10087.299213795874,6820.489852952753,12970.036028240396,7137.1,39.0,39.0
2018-05-18,10376.529123800763,7554.951529080792,13525.241473902823,14421.279999999999,44.0,44.0
2018-05-19,10174.908017411763,7257.834153234776,13312.074000325123,12689.92,56.0,56.0
2018-05-20,9840.599909668075,6671.8540153094455,13057.382397646667,9049.37,47.0,47.0
2018-05-21,10163.998370716516,7296.313203019994,13279.982055249837,9314.1,50.0,50.0
2018-05-22,10095.370949202526,7188.457037453323,12996.148333974445,16925.81,65.0,65.0
2018-05-23,9730.455411350153,6635.257023431421,12745.530625775893,10820.63,45.0,45.0
2018-05-24,9770.339863089619,6713.800457854885,12628.436568168712,11573.37,53.0,53.0
2018-05-25,10087.353071254032,7234.872901917368,13195.241122526288,16192.04,57.0,57.0
2018-05-26,9917.085683776899,6864.720434261382,12770.969209159866,12345.52,46.0,46.0
2018-05-27,9617.250443383733,6566.788431027117,12719.195278523015,9974.35,43.0,43.0
2018-05-28,9977.69175517085,6895.851630337647,12969.00807022386,11597.32,56.0,56.0
2018-05-29,9948.039073297927,6949.44426167627,12806.526644921598,7912.72,42.0,42.0
2018-05-30,9623.314838833508,6890.042787348596,12916.149425885334,11506.44,58.0,58.0
2018-05-31,9703.828811446583,6741.476072296047,12740.807305886541,11319.72,50.0,50.0
2018-06-01,10061.084807452706,6948.561633596457,13161.84450429738,5407.27,29.0,29.0
2018-06-02,9929.82016880941,6733.016999836183,12758.412853599482,9519.41,43.0,42.0
2018-06-03,9666.885619520122,6645.867010556533,12551.902728033556,9350.86,39.0,39.0
2018-06-04,10061.27538039856,7257.3401872008035,13037.591364083382,8736.41,39.0,39.0
2018-06-05,10061.801479536563,7151.760439340483,13023.35702098029,11644.3,55.0,55.0
2018-06-06,9762.722438643583,6660.295409675627,12839.496597527996,6641.59,30.0,30.0
2018-06-07,9863.657617390112,6862.434067433815,12938.580793653378,10586.34,38.0,38.0
2018-06-08,10235.512675004209,7202.101175564115,13131.96113950263,9517.98,46.0,46.0
2018-06-09,10112.535943666739,7310.579551329313,13211.62267348629,8709.47,42.0,42.0
2018-06-10,9851.21287898573,6620.8244741024,12836.48053857182,10457.85,40.0,40.0
2018-06-11,10240.308020805263,7254.900427240503,13007.866712953779,10405.9,45.0,45.0
2018-06-12,10228.548030977317,7234.835668863574,13343.074895318217,13456.2,37.0,37.0
2018-06-13,9910.25569610152,6717.92970380682,13056.244009308544,6514.52,36.0,36.0
2018-06-14,9985.265973345342,7207.236647834387,12906.660384652483,9320.42,46.0,46.0
2018-06-15,10324.849429891863,7204.210117095663,13388.699686103575,8450.47,35.0,35.0
2018-06-16,10163.76286159767,7048.010265556291,13078.092174625965,9406.16,39.0,39.0
2018-06-17,9859.134348692223,6993.201833173158,12849.599955232592,6146.56,32.0,32.0
2018-06-18,10200.492374532912,7069.704034488775,13202.81710302034,14446.92,54.0,54.0
2018-06-19,10137.432862974467,7191.0187191282,12969.986034585174,10294.24,43.0,43.0
2018-06-20,9765.234400454077,6633.241272088838,12966.681419783154,9345.09,47.0,47.0
2018-06-21,9784.753178706022,6786.099581084869,12624.598722408442,6487.09,35.0,35.0
2018-06-22,10068.323534084644,7072.121452794636,13171.115836657336,11213.5,37.0,37.0
2018-06-23,9851.784448278862,6884.039662808313,12603.244905243411,17069.32,50.0,50.0
2018-06-24,9493.339885393652,6357.116103395712,12493.650347767818,8445.49,41.0,41.0
2018-06-25,9783.563229683798,6869.208416520314,13057.46512657133,7885.47,38.0,38.0
2018-06-26,9673.040321185494,6376.1391232578235,12414.479923201501,10874.12,42.0,42.0
2018-06-27,9257.961982545914,6291.73365681394,12230.44713471386,8343.95,36.0,36.0
2018-06-28,9239.998168018981,6513.618494060302,12346.144968276418,9345.03,39.0,39.0
2018-06-29,9492.180156700375,6453.271683714617,12576.388675934011,16939.69,43.0,42.0
2018-06-30,9250.911636336712,6262.443543818411,12343.399397061294,9226.85,35.0,35.0
2018-07-01,8874.81695582742,5801.876303272093,11935.943116243687,9218.77,37.0,37.0
2018-07-02,9154.737123897012,6183.656462915473,11933.446445404283,8016.849999999999,42.0,42.0
2018-07-03,9041.368265123241,5934.088582197319,11905.27416966698,11337.82,43.0,43.0
2018-07-04,8630.853535103917,5680.717418072435,11641.94556697035,8476.97,46.0,46.0
2018-07-05,8624.66062528222,5603.187522956382,11589.937985054565,6897.36,44.0,44.0
2018-07-06,8895.471169980035,5922.016621689643,11769.0002068665,4625.03,19.0,19.0
2018-07-07,8679.202686171127,5793.629088666272,11741.285491185292,10928.23,43.0,43.0
2018-07-08,8333.871008088323,5527.199091539088,11224.993403693885,6115.42,31.0,31.0
2018-07-09,8649.60338666267,5749.149673943974,11705.3118752408,8912.54,39.0,39.0
2018-07-10,8576.296477683538,5906.041139524175,11523.902648976795,8154.38,30.0,30.0
2018-07-11,8209.229667133917,5172.777652001607,11153.01780975298,10410.07,39.0,39.0
2018-07-12,8248.965260735418,5156.1474747035745,10799.122472756693,8425.45,42.0,42.0
2018-07-13,8567.261213905536,5495.716045597509,11644.389764821277,7684.96,40.0,40.0
2018-07-14,8399.116381726684,5301.482721195546,11261.129150218023,8085.63,32.0,32.0
2018-07-15,8101.6556043279525,5008.122386673565,11023.443045172591,6833.52,42.0,42.0
2018-07-16,8464.164173796935,5471.671149731224,11492.826160062867,9131.38,32.0,32.0
2018-07-17,8435.765323580083,5586.937514075936,11325.567803313106,6969.37,37.0,37.0
2018-07-18,8111.050663606043,5347.707274002897,11141.986404368135,12882.65,40.0,40.0
2018-07-19,8189.994635937137,5097.1786723474215,11201.87896034798,6917.6900000000005,41.0,41.0
2018-07-20,8543.878300908777,5763.268729633702,11558.996854182458,10533.25,41.0,41.0
2018-07-21,8407.342163708223,5430.2517693670225,11460.22106046523,8580.51,38.0,38.0
2018-07-22,8137.275191410605,5238.340924062956,11037.2495118879,8932.18,44.0,44.0
2018-07-23,8522.849510203807,5817.905893002048,11540.561829314971,13427.74,53.0,53.0
2018-07-24,8513.194477643021,5139.647215175194,11661.752838686192,11654.97,51.0,50.0
2018-07-25,8203.02021571594,5426.008193978602,11308.671316575066,9676.8,43.0,43.0
2018-07-26,8292.521945417044,5312.065371047002,11192.888782777301,6356.95,38.0,38.0
2018-07-27,8653.290794080269,5713.662168431427,11690.912372946466,9380.0,41.0,41.0
2018-07-28,8520.35123097455,5689.546871517845,11405.835167604972,11052.49,51.0,51.0
2018-07-29,8251.032797534925,5311.585248658489,11263.89792207123,8098.599999999999,30.0,30.0
2018-07-30,8634.986193382643,5743.06187173347,11590.895856242707,9593.85,43.0,43.0
2018-07-31,8621.838022154607,5693.105065400639,11623.542608454833,11885.04,46.0,46.0
2018-08-01,8306.794911287967,5396.645855137334,11162.956708694739,4990.61,35.0,35.0
2018-08-02,8390.528974887477,5339.003981894512,11249.101429316823,8427.79,36.0,36.0
2018-08-03,8745.070900240082,5800.1430898831595,11624.421417224945,10994.51,46.0,46.0
2018-08-04,8605.83138497185,5632.422212776009,11696.388957991401,11481.84,40.0,40.0
2018-08-05,8330.459107351679,5199.965995828775,11067.700879464795,6033.18,27.0,27.0
2018-08-06,8708.845735670828,5569.109079665472,11856.175918295532,5186.11,30.0,30.0
2018-08-07,8690.772640331426,5788.299388246378,11643.83113405996,11116.7,50.0,50.0
2018-08-08,8371.510285832968,5240.0753280918625,11165.032996509826,8072.86,41.0,41.0
2018-08-09,8451.702429944817,5525.449306585777,11351.065115029915,6560.99,35.0,35.0
2018-08-10,8803.261458432755,5796.297324421227,11647.857949382671,5072.52,24.0,24.0
2018-08-11,8661.39551802789,5765.74624805337,11560.971122609024,7939.92,35.0,35.0
2018-08-12,8383.47545496324,5199.661776241924,11474.439696874339,7733.78,31.0,31.0
2018-08-13,8759.051783908704,5658.893271775886,11716.705761338993,5642.09,28.0,28.0
2018-08-14,8737.515971893912,6012.074796219404,11757.93726936514,9384.42,41.0,41.0
2018-08-15,8413.716548585811,5361.686036129663,11524.766564316093,5830.56,32.0,32.0
2018-08-16,8487.861631335834,5653.810758744158,11501.461730961151,8262.63,27.0,27.0
2018-08-17,8831.43359763768,5965.686752151809,11955.293099720118,9202.57,46.0,46.0
2018-08-18,8679.23593301987,5720.511671654917,11478.645305800812,5354.88,24.0,24.0
2018-08-19,8388.279607392711,5306.352667742661,11227.888520907412,8848.27,38.0,38.0
2018-08-20,8747.818550786562,5986.809225887398,11787.890662157752,10070.92,35.0,35.0
2018-08-21,8707.027879745401,5647.698166229,11686.667999199137,4971.96,31.0,31.0
2018-08-22,8360.634792726161,5383.7806921760875,11440.25462072631,6364.51,37.0,37.0
2018-08-23,8408.833188881592,5365.6991378416515,11161.4977800651,8169.68,35.0,35.0
2018-08-24,8723.207284909859,5831.258041092326,11691.741336386987,5241.75,32.0,32.0
2018-08-25,8538.783890956356,5482.249212532496,11455.302801284693,6958.93,36.0,36.0
2018-08-26,8212.920434872836,5183.194903135424,11243.291365433997,8886.56,22.0,22.0
2018-08-27,8535.338154646975,5394.093225222704,11419.524669674267,11368.15,37.0,37.0
2018-08-28,8455.794077748847,5623.971803695342,11397.786538078415,3636.49,35.0,35.0
2018-08-29,8069.701794381907,5032.867827550754,11270.037481976698,7457.96,34.0,34.0
2018-08-30,8078.032287690298,5179.223309995244,11298.936086773323,6471.76,30.0,30.0
2018-08-31,8353.220419600513,5247.398151901461,11743.27170117935,7344.08,33.0,33.0
2018-09-01,8131.197164432013,5392.030064510801,11281.312676575952,,,
2018-09-02,7770.25520634705,4981.925801081032,10794.418206868466,,,
2018-09-03,8061.057928381281,5178.425104272111,11122.966865385037,,,
2018-09-04,7954.2860838985525,5055.1371157424455,10986.913232992885,,,
2018-09-05,7546.232874489942,4574.54268214076,10421.887729883314,,,
2018-09-06,7538.679438816358,4664.554496975716,10538.981416451745,,,
2018-09-07,8279.301875138037,5115.321606949495,11368.851677862953,,,
2018-09-08,7581.057154651815,4467.746365698166,10196.487688249714,,,
2018-09-09,7226.276605640551,4105.093877640047,10111.214296188411,,,
2018-09-10,7531.410319072465,4721.370197568704,10365.61120076816,,,
2018-09-11,7447.284608429463,4316.07344585397,10324.693416650656,,,
2018-09-12,7070.163312742614,4007.86024569942,9909.407095445824,,,
2018-09-13,7101.618740519252,4254.431368019949,10082.78992859293,,,
2018-09-14,7414.414027928509,4367.062212558081,10209.497767881552,,,
2018-09-15,7244.5178086250935,4271.35624592055,10231.132298040802,,,
2018-09-16,6949.95944153705,3948.2209611687026,10011.098211581097,,,
2018-09-17,7320.83525900617,4462.9653531411495,10181.402613206286,,,
2018-09-18,7306.960349990324,4583.194534698659,10297.40565218629,,,
2018-09-19,7003.476606307925,4176.109412127926,9927.736729743012,,,
2018-09-20,7110.748817557469,3895.9621568263865,10052.183293719574,,,
2018-09-21,7500.274719470835,4271.57798576882,10287.429059866086,,,
2018-09-22,7406.72916554033,4389.238096338313,10322.198378281191,,,
2018-09-23,7186.849881931215,4371.174572348925,10063.648114962241,,,
2018-09-24,7629.474444826786,4597.423899681218,10483.773971795763,,,
2018-09-25,7683.222158109346,4930.553221174027,10929.305698536467,,,
2018-09-26,7442.130732668767,4511.016262207587,10470.755710280295,,,
2018-09-27,7605.578760279157,4542.049852744686,10525.994975779025,,,
2018-09-28,8044.219150950109,4996.948130849798,10897.93150067418,,,
2018-09-29,7992.043046204053,4993.117498901747,10880.400206594997,,,
2018-09-30,7805.281108691604,4760.68249245186,10494.868347923106,,,
2018-10-01,8272.451382378335,5433.855081678797,11069.938116052821,,,
2018-10-02,8342.047084454063,5272.0293009181305,11472.251348040507,,,
2018-10-03,8108.174051807217,5001.8830263349755,10812.769185247771,,,
2018-10-04,8270.468800867284,5412.86331121114,11161.939644327946,,,
2018-10-05,8700.02248200755,5681.248571104382,11418.890673873993,,,
2018-10-06,8631.43049736695,5586.810795264861,11406.389466311859,,,
2018-10-07,8421.67507679067,5459.240908068336,11451.585604427128,,,
2018-10-08,8860.150527806338,5978.523897800293,11812.985835857355,,,
2018-10-09,8896.325155829842,5909.104248063133,11913.602177565119,,,
2018-10-10,8625.350308337162,5668.432180406472,11831.780368404743,,,
2018-10-11,8747.948308141453,5522.064622951487,11641.869059455568,,,
2018-10-12,9904.962615249375,6855.235277288004,12909.203562849498,,,
2018-10-13,9026.090479940389,5937.731058504826,12063.245757633951,,,
2018-10-14,8775.307453667501,5999.172040627185,11641.769806019549,,,
2018-10-15,9174.292372937596,6408.549628159886,12438.661868333644,,,
2018-10-16,9173.349601446098,6049.064558453012,12188.619079427512,,,
2018-10-17,8868.33855146784,5927.668539519829,11966.835203405793,,,
2018-10-18,8960.543298196471,6164.5889641683825,11928.007547842504,,,
2018-10-19,9322.55176968061,6232.516206407245,12316.455260256585,,,
2018-10-20,9190.265580461783,6049.428878544258,12096.029350791898,,,
2018-10-21,8921.748963346658,5993.6559245961025,11544.635699915314,,,
2018-10-22,9307.227501060795,6375.742326139023,12336.849928232848,,,
2018-10-23,9296.731436237076,6171.001350940801,12339.61991280248,,,
2018-10-24,8985.694568122643,6186.18087883059,11973.352054619441,,,
2018-10-25,9074.840810606485,5971.360726069034,12282.090350619801,,,
2018-10-26,9436.08460544934,6520.82349759053,12537.262543368799,,,
2018-10-27,9304.56564134954,6218.659415149224,12229.435175674213,,,
2018-10-28,9037.525603095779,6035.707127991431,12058.417156567219,,,
2018-10-29,9424.33682987619,6567.591052026983,12238.824382965013,,,
2018-10-30,9414.176769027255,6381.111229498498,12395.11892741249,,,
2018-10-31,9101.658297235641,5973.551342270931,12020.236442262332,,,
2018-11-01,9186.747029860046,6095.469917593467,12434.337505977755,,,
2018-11-02,16585.589151172535,13650.54837216963,19676.069667672775,,,
2018-11-03,9398.08132904329,6483.746242287873,12480.157427118174,,,
2018-11-04,9115.753536633038,6325.15921564959,12065.05572732874,,,
2018-11-05,9482.8340042177,6433.382645967431,12340.580238221704,,,
2018-11-06,9448.429446810536,6405.555695456913,12423.509942293174,,,
2018-11-07,9107.266187083633,6137.798468479073,12052.152802212542,,,
2018-11-08,9159.610910556683,5958.334328681978,12045.363389257926,,,
2018-11-09,9477.197815306172,6505.968472149691,12429.440806437378,,,
2018-11-10,9295.281662425708,6241.260393017519,12353.963781474351,,,
2018-11-11,8971.523740974397,6071.235660195175,11929.946159546826,,,
2018-11-12,9296.020173008665,6306.292729678186,12436.232752767293,,,
2018-11-13,9218.966264657553,6060.535586356662,12194.656223531674,,,
2018-11-14,8836.267076539354,5682.788410911359,11673.271666291217,,,
2018-11-15,11139.788209775468,8070.622778695131,14033.58862849662,,,
2018-11-16,9131.435270960621,6310.6453892782065,12147.264307966048,,,
2018-11-17,8918.794812065738,5893.581224032282,11699.184035090691,,,
2018-11-18,8570.357557373212,5670.55494497443,11828.940801686602,,,
2018-11-19,8877.321627972153,6011.738320995692,11806.83002544018,,,
2018-11-20,8790.858206259347,5734.689099643861,11842.07719622839,,,
2018-11-21,8407.68830927494,5397.167367783515,11400.131662561467,,,
2018-11-22,8429.940684143716,5273.456820744201,11103.342491304133,,,
2018-11-23,8731.017657091259,5682.9431969927955,11567.896343067208,,,
2018-11-24,8547.590216728599,5647.84736158326,11545.705167569364,,,
2018-11-25,8238.431058331113,4980.6171112045695,11124.987552660792,,,
2018-11-26,8594.39661792755,5390.282298018447,11512.434456508723,,,
2018-11-27,8566.053249743502,5507.123904921541,11506.468465599759,,,
2018-11-28,8249.258970357234,5159.693042846202,11120.323185137313,,,
2018-11-29,8345.033289269228,5061.2831861120285,11377.491781420002,,,
